1,占쏙옙占쏙옙298占싻뤄옙占쏙옙(1),占쏙옙占쏙옙占쏙옙占승븝옙(1),占쌌곤옙,0占쏙옙,1 - 9占쏙옙,10 - 19占쏙옙,20 - 29占쏙옙,30 - 39占쏙옙,40 - 49占쏙옙,50 - 59占쏙옙,60 - 64占쏙옙,65 - 69占쏙옙,70 - 74占쏙옙,75占쏙옙 占싱삼옙,Most_Common_Age_Group,2nd_Most_Common_Age_Group,3rd_Most_Common_Age_Group,
2,占싼곤옙,占쌤뤄옙,47401156,323461,3984368,4793374,6098030,6775520,7754504,7787158,3114321,2208215,1665443,2896762,50 - 59占쏙옙,40 - 49占쏙옙,30 - 39占쏙옙,
3,치占싣뱄옙占쏙옙占쏙옙占쏙옙占쏙옙占실깍옙타占쏙옙占?占쌤뤄옙,19701562,1596,1606165,1468793,2517015,2591724,3203144,3692933,1549588,1157126,839821,1073657,50 - 59占쏙옙,40 - 49占쏙옙,30 - 39占쏙옙,,
4,占쌨쇽옙占쏙옙占쏙옙占쏙옙占쏙옙劉氷占쏙옙占쏙옙占쏙옙占쏙옙占쏙옙,占쌤뤄옙,16380641,169308,3194326,2051125,1570765,2180277,2176091,2072409,923037,699249,532275,811779,1 - 9占쏙옙,30 - 39占쏙옙,40 - 49占쏙옙,
5,占쏙옙타占실부뱄옙占쏙옙占쏙옙占쏙옙占쏙옙占쏙옙占쏙옙환,占쌤뤄옙,12171063,127412,1480636,1134003,1504291,1507882,1713826,1910763,815574,636515,508892,831269,50 - 59占쏙옙,40 - 49占쏙옙,30 - 39占쏙옙,
6,占쏙옙타占쌨쇽옙占쏙옙竪듸옙占쏙옙占?占쌤뤄옙,12116548,181512,2430244,1397532,1218637,1632923,1563517,1490292,651826,507944,398732,643389,1 - 9占쏙옙,30 - 39占쏙옙,40 - 49占쏙옙,,
7,占쌨쇽옙占싸두울옙占쌓급쇽옙占쏙옙占쏙옙占쏙옙,占쌤뤄옙,9545038,74991,2034493,1255622,1071933,1466596,1297523,1091452,440188,307375,216880,287985,1 - 9占쏙옙,30 - 39占쏙옙,40 - 49占쏙옙,
8,占쏙옙타占쌘및븝옙占쏙옙占쏙옙환,占쌤뤄옙,8308029,57743,1751288,1102711,892619,1149228,1111492,987203,406377,299650,226262,323456,1 - 9占쏙옙,30 - 39占쏙옙,40 - 49占쏙옙,
9,占쏙옙占쏙옙占쏙옙占쏙옙占쏙옙占?占쌤뤄옙,7935947,1817,126117,377957,642891,916842,1462529,1920858,795217,589576,441199,660944,50 - 59占쏙옙,40 - 49占쏙옙,30 - 39占쏙옙,,
10,"占쏙옙占시된다발쇽옙占쏙옙체占쏙옙占쏙옙占쏙옙탈占쏙옙,占쏙옙占승및깍옙占쏙옙",占쌤뤄옙,7706806,2627,450620,1095571,1032746,1097559,1260173,1309637,500480,344575,245440,367378,50 - 59占쏙옙,40 - 49占쏙옙,30 - 39占쏙옙,
11,占쏙옙타占썼병占쏙옙,占쌤뤄옙,7148400,5373,26270,227325,474874,745738,1043803,1476526,758618,677718,605114,1107041,50 - 59占쏙옙,75占쏙옙 占싱삼옙,40 - 49占쏙옙,
12,"占쏙옙타占쌨몌옙占싻뤄옙占쏙옙占쏙옙占쏙옙占쏙옙占쏙옙占쏙옙,징占식울옙占쌈삼옙陋講占쏙옙占싱삼옙柰占?,占쌤뤄옙,6556772,58319,539745,720753,555296,687199,865231,1114667,538384,434757,369760,672661,50 - 59占쏙옙,40 - 49占쏙옙,10 - 19占쏙옙
13,치占싣울옙占쏙옙占?占쌤뤄옙,5829693,435,1294806,767563,741364,661586,662497,718652,315319,245166,186967,235338,1 - 9占쏙옙,10 - 19占쏙옙,20 - 29占쏙옙
14,占쏙옙占승쇽옙(占쏙옙占쌩쇽옙)占쏙옙占쏙옙占쏙옙,占쌤뤄옙,5787207,3,230,4287,25380,140076,640601,1499061,868704,745153,638063,1225649,50 - 59占쏙옙,75占쏙옙 占싱삼옙,60 - 64占쏙옙
15,占쏙옙占쏙옙占쌓쏙옙占쏙옙占쏙옙占썲염,占쌤뤄옙,5211093,2569,150033,448535,580469,665959,829713,962770,453972,348295,297603,471175,50 - 59占쏙옙,40 - 49占쏙옙,30 - 39占쏙옙
16,占써막占쏙옙占쌓깍옙타占써막占쏙옙占쏙옙占?占쌤뤄옙,5034896,46341,823134,498679,471150,555927,653796,755102,344215,274608,226818,385126,1 - 9占쏙옙,50 - 59占쏙옙,40 - 49占쏙옙
17,占쏙옙타占쏙옙留占쏙옙占쏙옙占쏙옙占싫?占쌤뤄옙,5015298,35530,479503,447311,487882,536670,688173,885348,430466,315311,268205,440899,50 - 59占쏙옙,40 - 49占쏙옙,30 - 39占쏙옙
18,占쏙옙타占식듸옙","占쏙옙占쌓쏙옙占쏙옙占쏙옙占쏙옙占쏙옙환""",占쌤뤄옙,4918734,7893,77913,188127,408021,573107,893181,1071737,526633,388866,327520,455736,50 - 59占쏙옙,40 - 49占쏙옙,30 - 39占쏙옙
19,占쏙옙占시된상세불몌옙占쌓다발쇽옙占쏙옙체占쏙옙占쏙옙占실깍옙타占쌌삼옙,占쌤뤄옙,4840601,14221,645150,582481,570186,586879,665537,756675,312233,227082,173130,307027,50 - 59占쏙옙,40 - 49占쏙옙,1 - 9占쏙옙,
20,占쏙옙타占쏙옙占쌓댐옙占싸속깍옙占쏙옙占쏙옙환,占쌤뤄옙,4348579,12127,115354,164939,362043,397712,595882,865180,474425,416815,358703,585399,50 - 59占쏙옙,40 - 49占쏙옙,75占쏙옙 占싱삼옙,
21,占쏙옙占쏙옙占쏙옙占쏙옙占쏙옙繭占쏙옙占쏙옙占쏙옙占실는쇽옙占쏙옙占쏙옙占쏙옙恙?占쌤뤄옙,4308009,78318,1169875,630237,544023,519999,431279,386904,159540,121360,96942,169532,1 - 9占쏙옙,10 - 19占쏙옙,20 - 29占쏙옙,,
22,占쏙옙占쏙옙占쏙옙,占쌤뤄옙,3729642,280,4362,25866,63742,109777,296974,847211,565305,538038,473228,804859,50 - 59占쏙옙,75占쏙옙 占싱삼옙,60 - 64占쏙옙,
23,占실부뱄옙占쏙옙占쏙옙占쏙옙占쏙옙占실곤옙占쏙옙,占쌤뤄옙,3674801,26547,550620,433454,523270,499240,496546,475035,196626,151160,120836,201467,1 - 9占쏙옙,20 - 29占쏙옙,30 - 39占쏙옙,
24,占쏙옙占쏙옙占쏙옙,占쌤뤄옙,3471963,14822,94630,125853,432604,575938,663307,680744,274535,213356,166797,229377,50 - 59占쏙옙,40 - 49占쏙옙,30 - 39占쏙옙,
25,占쏙옙占쏙옙占쏙옙占?占쏙옙占쏙옙占쏙옙劉占신몌옙占쏙옙占쏙옙占썩성占쏙옙占쏙옙환,占쌤뤄옙,3375921,6886,211854,235724,319416,438551,458794,564168,296402,250681,214143,379302,50 - 59占쏙옙,40 - 49占쏙옙,30 - 39占쏙옙,
26,占쌨쇽옙占식두울옙占쌓깍옙占쏙옙占?占쌤뤄옙,3331939,10736,435442,386985,397929,524472,497204,456638,201729,150977,113586,156241,30 - 39占쏙옙,40 - 49占쏙옙,50 - 59占쏙옙,,
27,占쏙옙타占싶뱄옙占쏙옙占썹돌占쏙옙占쏙옙환,占쌤뤄옙,3260878,14107,209500,248582,306816,350102,440102,571919,278718,240314,211972,388746,50 - 59占쏙옙,40 - 49占쏙옙,75占쏙옙 占싱삼옙,
28,占썹뇨占쏙옙,占쌤뤄옙,2843034,6,709,8410,23912,91424,316539,710408,430440,383738,331437,546011,50 - 59占쏙옙,75占쏙옙 占싱삼옙,60 - 64占쏙옙,
29,占쏙옙占쏙옙占쏙옙占쏙옙占쏙옙占쏙옙占?占쌤뤄옙,2694908,1104,514172,730700,264568,181013,330095,297880,124521,91075,67176,92604,10 - 19占쏙옙,1 - 9占쏙옙,40 - 49占쏙옙,,
30,占쏙옙占쌩및깍옙타占쌩곤옙占쏙옙占쏙옙占?占쌤뤄옙,2636218,1,231,25554,147093,294530,475575,669892,307627,241223,191887,282605,50 - 59占쏙옙,40 - 49占쏙옙,60 - 64占쏙옙,,
31,占쏙옙占싱울옙占쏙옙占쏙옙占싱뱄옙占쏙옙占썹돌占쏙옙占쏙옙占?占쌤뤄옙,2469453,64964,1088423,226914,154986,200653,198411,215503,94820,73824,59600,91355,1 - 9占쏙옙,10 - 19占쏙옙,50 - 59占쏙옙,,
32,占쏙옙占쏙옙占쏙옙占쌓곤옙占쏙옙占쏙옙占쏙옙占쏙옙占실깍옙타占쏙옙占?占쌤뤄옙,2302027,3002,107915,170624,315270,284309,340039,402152,187243,151827,127525,212121,50 - 59占쏙옙,40 - 49占쏙옙,20 - 29占쏙옙,,
33,"占쏙옙타占쏙옙占싻븝옙,占쏙옙占쏙옙榴占쏙옙占쏙옙환",占쌤뤄옙,2300305,2303,87496,88812,68999,140862,323265,658353,342575,237546,161520,188574,50 - 59占쏙옙,60 - 64占쏙옙,40 - 49占쏙옙,
34,占쏙옙占쏙옙풀占실울옙占쏙옙,占쌤뤄옙,2283698,4248,273197,348776,356852,346570,329756,294958,108942,76276,57410,86713,20 - 29占쏙옙,10 - 19占쏙옙,30 - 39占쏙옙,
35,占쏙옙占쏙옙占싸비동울옙,占쌤뤄옙,2177137,5841,433965,280625,264277,343923,296163,254881,109670,75436,51626,60730,1 - 9占쏙옙,30 - 39占쏙옙,40 - 49占쏙옙,
36,占쏙옙타占쏙옙竪듸옙占쏙옙占싫?占쌤뤄옙,2093592,5258,224874,216609,261690,340125,330227,323707,139731,97477,68862,85032,30 - 39占쏙옙,40 - 49占쏙옙,50 - 59占쏙옙,,
37,占쏙옙占쏙옙占실깍옙타占쏙옙占?占쌤뤄옙,2037050,1434,42435,115447,198817,230109,328045,453037,195715,151850,119303,200858,50 - 59占쏙옙,40 - 49占쏙옙,30 - 39占쏙옙,,
38,占쏙옙타占쏙옙占쏙옙占쏙옙芙占쏙옙占쏙옙占실울옙占쏙옙占쏙옙占쏙옙환,占쌤뤄옙,1845747,194,19428,37895,393675,502017,436699,295515,74079,38089,24044,24112,30 - 39占쏙옙,40 - 49占쏙옙,20 - 29占쏙옙,
39,占쏙옙占쏙옙占쏙옙占싱듸옙占쏙옙占쏙옙占쏙옙劉占신몌옙占쏙옙占쏙옙占쏙옙摹鈒占쏙옙占쏙옙占쏙옙占쏙옙占?占쌤뤄옙,1699476,25,3716,19697,57817,135178,243391,399337,208607,183809,160928,286971,50 - 59占쏙옙,75占쏙옙 占싱삼옙,40 - 49占쏙옙,,
40,占썸광占쏙옙,占쌤뤄옙,1621246,1495,37139,37140,192377,224077,307915,357505,143798,102175,80621,137004,50 - 59占쏙옙,40 - 49占쏙옙,30 - 39占쏙옙,
41,占쏙옙占싸및곤옙訃占쏙옙占?占쌤뤄옙,1550771,6594,152155,154986,186245,225555,224757,245970,106385,77489,62669,107966,50 - 59占쏙옙,30 - 39占쏙옙,40 - 49占쏙옙,,
42,占쏙옙占쌓쏙옙占쏙옙占쏙옙占쏙옙鱇占?占쌤뤄옙,1541842,25,4166,47824,97246,143524,295518,367289,179546,130451,113500,162753,50 - 59占쏙옙,40 - 49占쏙옙,60 - 64占쏙옙,,
43,천占쏙옙,占쌤뤄옙,1451747,13471,403049,101521,80132,117639,136576,170029,96633,88683,80825,163189,1 - 9占쏙옙,50 - 59占쏙옙,75占쏙옙 占싱삼옙,
44,占쏙옙타占쏙옙占싱뤄옙占쏙옙占쏙옙환,占쌤뤄옙,1424274,18765,731099,198624,123863,111857,87366,70738,28544,20070,14268,19080,1 - 9占쏙옙,10 - 19占쏙옙,20 - 29占쏙옙,
45,占쏙옙타占쏟뇨깍옙占쏙옙占쏙옙占싫?占쌤뤄옙,1374554,8487,84502,37120,155223,196867,212705,226597,102993,87076,82087,180897,50 - 59占쏙옙,40 - 49占쏙옙,30 - 39占쏙옙,,
46,"占쏙옙타占쏙옙占쏙옙,타占쌓쇽옙占쏙옙占쏙옙占쏙옙占쏙옙환",占쌤뤄옙,1308646,3391,193806,114657,130457,133934,149501,189106,93743,81786,74149,144116,1 - 9占쏙옙,50 - 59占쏙옙,40 - 49占쏙옙,
47,"占쏙옙타占쏙옙占실놂옙,占썹성占신삼옙占쏙옙占쏙옙占썅동占쏙옙캤恬占쏙옙瑠鵑占쏙옙퓰탈占쏙옙占?,占쌤뤄옙,1285137,3062,15940,27514,64020,123752,222513,336037,170495,122386,95424,103994,50 - 59占쏙옙,40 - 49占쏙옙,60 - 64占쏙옙
48,占썽내占쏙옙硫占쏙옙占시쇽옙풉占신몌옙占쏙옙,占쌤뤄옙,1258660,35,592,1151,2507,6384,40610,174940,179177,231168,242080,380016,75占쏙옙 占싱삼옙,70 - 74占쏙옙,65 - 69占쏙옙
49,특占쏙옙처치占쌓건곤옙占쏙옙호占쏙옙占쏙옙占싹울옙占쏙옙占실쇽옙占쏟스울옙占쏙옙占싹곤옙占쌍는삼옙占?占쌤뤄옙,1196348,260,19361,17980,60351,116015,141625,182433,89815,128977,135336,304195,75占쏙옙 占싱삼옙,50 - 59占쏙옙,40 - 49占쏙옙
50,占쏙옙占쏙옙占쏙옙占실븝옙占?占쌤뤄옙,1191904,,18,105,2202,10997,80842,231601,179505,190909,188026,307699,75占쏙옙 占싱삼옙,50 - 59占쏙옙,65 - 69占쏙옙
51,占쌘궁곤옙占쏙옙퓻占쏙옙占쏙옙占쏙옙占싫?占쌤뤄옙,1189893,7,548,12501,238646,346596,292229,197177,50343,24414,14859,12573,30 - 39占쏙옙,40 - 49占쏙옙,20 - 29占쏙옙
52,占쏙옙占?占쌤뤄옙,1156893,19189,472406,76841,46881,83651,87562,104523,59740,52056,46500,107544,1 - 9占쏙옙,75占쏙옙 占싱삼옙,50 - 59占쏙옙
53,占쏙옙타占쏟뇨삼옙占식깍옙占쏙옙占쏙옙占쏙옙,占쌤뤄옙,1142236,244,1949,77381,259238,312518,285961,141739,29191,15179,9379,9457,30 - 39占쏙옙,40 - 49占쏙옙,20 - 29占쏙옙
54,占쏙옙타占쏙옙占쏙옙환,占쌤뤄옙,1129085,567,3840,34548,90009,150342,211288,282507,129094,89013,62203,75674,50 - 59占쏙옙,40 - 49占쏙옙,30 - 39占쏙옙
55,占쏙옙타占쏙옙占쏙옙占쏙옙占쏙옙占쏙옙占싫?占쌤뤄옙,1125831,14177,229292,159212,161592,145003,122596,116421,50105,39312,32341,55780,1 - 9占쏙옙,20 - 29占쏙옙,10 - 19占쏙옙
56,占쏙옙타占쏙옙占쏙옙占쏙옙占?占쌤뤄옙,1084316,1930,8101,17246,63841,170134,223395,277440,123145,82955,55890,60239,50 - 59占쏙옙,40 - 49占쏙옙,30 - 39占쏙옙
57,占쏙옙타占쏙옙占쏙옙占쏙옙占실곤옙占쏙옙,占쌤뤄옙,1065927,781,88995,202376,93284,102741,123320,185107,83405,59963,45964,79991,10 - 19占쏙옙,50 - 59占쏙옙,40 - 49占쏙옙
58,占쏙옙占시루엔占쏙옙,占쌤뤄옙,1063642,5130,376139,236733,74806,105467,98182,81767,30674,20190,13682,20872,1 - 9占쏙옙,10 - 19占쏙옙,30 - 39占쏙옙
59,占쏙옙占쏙옙占쏙옙劉占신몌옙占쏙옙占쏙옙占쏙옙캇占?占쌤뤄옙,1041844,26,5913,68255,109705,144826,188388,216735,89091,68097,54995,95813,50 - 59占쏙옙,40 - 49占쏙옙,30 - 39占쏙옙
60,占쏙옙타占신곤옙占쏙옙占쏙옙占싫?占쌤뤄옙,1035984,787,5707,12960,47959,79333,120063,197697,114416,112326,112744,231992,75占쏙옙 占싱삼옙,50 - 59占쏙옙,40 - 49占쏙옙
61,占쏙옙타호占쏙옙占쏙옙占쏙옙占싫?占쌤뤄옙,999913,6132,155549,96353,82345,111904,127160,149845,75145,61353,50541,83586,1 - 9占쏙옙,50 - 59占쏙옙,40 - 49占쏙옙
62,占신곤옙占쏙옙占쏙옙",占쏙옙트占쏙옙占쏙옙占싶곤옙占시된쏙옙체占쏙옙占쏙옙占?,占쌤뤄옙,957943,20,5607,32604,92474,114441,153386,186242,90624,77627,69548,135370,50 - 59占쏙옙,40 - 49占쏙옙,75占쏙옙 占싱삼옙
63,占쏙옙占싻듸옙占쌓깍옙占쏙옙占쏙옙占?占쌤뤄옙,956977,35,680,3398,5700,10699,25901,170878,145072,179624,155158,259832,75占쏙옙 占싱삼옙,65 - 69占쏙옙,50 - 59占쏙옙,,
64,占쌘울옙占쏙옙占쏙옙占쏙옙占쏙옙占쌔듸옙占쏙옙占싱뱄옙占쏙옙효占쏙옙,占쌤뤄옙,904639,2034,75815,47369,83805,105974,150112,206411,84369,57071,38352,53327,50 - 59占쏙옙,40 - 49占쏙옙,30 - 39占쏙옙,
65,占쎌르占썰스占쏙옙占싱뤄옙占쏙옙占쏙옙占쏙옙,占쌤뤄옙,872862,3126,166499,46485,79421,114012,137035,147818,60234,44557,32582,41093,1 - 9占쏙옙,50 - 59占쏙옙,40 - 49占쏙옙,
66,占쎌내占쏙옙,占쌤뤄옙,871495,47,3102,14426,42813,66031,125692,177367,103883,95673,87820,154641,50 - 59占쏙옙,75占쏙옙 占싱삼옙,40 - 49占쏙옙,
67,占쏙옙占쏙옙占쏙옙占쏙옙占?占쌤뤄옙,816079,84,3340,9997,58327,158824,252118,217146,61002,28875,15576,10790,40 - 49占쏙옙,50 - 59占쏙옙,30 - 39占쏙옙,,
68,占쏙옙占?占쏙옙占쏙옙占쏙옙)占쏙옙占?占쌤뤄옙,808184,2,1059,29397,91377,96346,114458,140134,75082,67158,63177,129994,50 - 59占쏙옙,75占쏙옙 占싱삼옙,40 - 49占쏙옙,,
69,占쏙옙타占쏙옙占쏙옙占싸븝옙占실쇽옙占쏟스울옙占쏙옙占싹곤옙占쌍는삼옙占?占쌤뤄옙,797901,2989,17079,20135,66126,129093,81492,111293,67478,76042,79072,147102,75占쏙옙 占싱삼옙,30 - 39占쏙옙,50 - 59占쏙옙,,
70,占쏙옙占쏙옙,占쌤뤄옙,781333,580,67871,36661,44897,84220,112185,172637,81309,60971,46671,73331,50 - 59占쏙옙,40 - 49占쏙옙,30 - 39占쏙옙,
71,占쏙옙타占쏙옙占쏙옙占쏙옙占쏙옙占쏙옙占쏙옙환,占쌤뤄옙,772373,5,138,799,3756,10763,43879,145481,116680,120948,117132,212792,75占쏙옙 占싱삼옙,50 - 59占쏙옙,65 - 69占쏙옙,
72,"占신곤옙,占신곤옙摹謬키占쏙옙占쏙옙占쏙옙",占쌤뤄옙,764319,279,1002,8903,35127,64047,110886,200471,94554,75592,63899,109559,50 - 59占쏙옙,40 - 49占쏙옙,75占쏙옙 占싱삼옙,
73,占쏙옙타占쏙옙占쏙옙占쏙옙占쏙옙환占쏙옙占쏙옙占시되억옙품占쏙옙占쏙옙占쏙옙품占쏙옙占쏙옙占쏙옙獵쨩占쏙옙,占쌤뤄옙,740942,2272,351997,315959,13537,12124,12201,13493,5802,4739,3546,5272,1 - 9占쏙옙,10 - 19占쏙옙,20 - 29占쏙옙,
74,占싸곤옙占쏙옙類회占쏙옙占실곤옙占쏙옙,占쌤뤄옙,688091,490,37825,43035,59857,74992,108881,143630,68749,52875,41405,56352,50 - 59占쏙옙,40 - 49占쏙옙,30 - 39占쏙옙,
75,占쏙옙占쏙옙劉占신몌옙占쏙옙占쏙옙占쏙옙占쏙옙占쏙옙,占쌤뤄옙,686563,,0,,415,2549,86952,382559,113063,52919,27531,20575,50 - 59占쏙옙,60 - 64占쏙옙,40 - 49占쏙옙,
76,占쏙옙타占쏙옙占신뱄옙占썅동占쏙옙占?占쌤뤄옙,680344,546,49947,59973,39962,42525,53721,90446,57862,63166,67556,154640,75占쏙옙 占싱삼옙,50 - 59占쏙옙,70 - 74占쏙옙,,
77,占쏙옙占싸미삼옙,占쌤뤄옙,641622,29941,289928,58045,48262,61427,45072,42350,18678,13917,11106,22896,1 - 9占쏙옙,30 - 39占쏙옙,10 - 19占쏙옙,
78,占쏙옙占쏙옙占쏙옙占쏙옙占쏙옙講占쌓깍옙타占쌈쏙옙占실곤옙占쏙옙,占쌤뤄옙,635262,4,3,3034,154798,443939,33404,71,4,1,3,1,30 - 39占쏙옙,20 - 29占쏙옙,40 - 49占쏙옙,
79,치占쏙옙,占쌤뤄옙,624159,84,3120,16409,96605,116308,124496,125157,47971,33800,25397,34812,50 - 59占쏙옙,40 - 49占쏙옙,30 - 39占쏙옙,
80,占쏙옙占쏙옙占쏙옙占?占쌤뤄옙,596300,,25,42811,206050,184097,135253,28064,,,,,20 - 29占쏙옙,30 - 39占쏙옙,40 - 49占쏙옙,,
81,화占쏙옙留館占?占쌤뤄옙,587059,2669,76273,49439,85354,79949,95377,99999,35307,22864,15980,23848,50 - 59占쏙옙,40 - 49占쏙옙,20 - 29占쏙옙,,
82,占쏙옙청,占쌤뤄옙,542656,3140,11506,24644,40794,47491,59811,85636,49488,49886,51429,118831,75占쏙옙 占싱삼옙,50 - 59占쏙옙,40 - 49占쏙옙,
83,占싯삼옙占쏙옙占쏙옙潁?옙占쏙옙曼占쏙옙퓬占쏙옙洲봇占쏙옙占쏙옙構占쏙옙獵쨩占쏙옙,占쌤뤄옙,524082,15372,68971,33747,41188,51784,65120,82862,41915,38331,33825,50967,50 - 59占쏙옙,1 - 9占쏙옙,40 - 49占쏙옙,
84,占쏙옙占쏙옙占쌓아듸옙占쏙옙占싱듸옙占실몌옙占쏙옙占쏙옙환,占쌤뤄옙,501231,442,78285,65423,80449,90405,70932,57723,23176,14462,9363,10571,30 - 39占쏙옙,20 - 29占쏙옙,1 - 9占쏙옙,
85,占쏙옙타占쌍로쇽옙占쏙옙占쏙옙占쏙옙占쏙옙占식되는곤옙占쏙옙,占쌤뤄옙,480890,4,343,7303,119483,127271,102401,77683,21087,11827,6972,6516,30 - 39占쏙옙,20 - 29占쏙옙,40 - 49占쏙옙,
86,占쏙옙타占쏙옙占싱뤄옙占쏙옙占쏙옙占쏙옙,占쌤뤄옙,462829,228,1815,5186,19724,70898,117733,131862,50365,29690,18150,17178,50 - 59占쏙옙,40 - 49占쏙옙,30 - 39占쏙옙,
87,"占쏙옙,占쏙옙占쏙옙풔째占쏙옙占실곤옙占쏙옙",占쌤뤄옙,446280,8,1038,8450,14986,33050,52336,79525,43111,41304,44137,128335,75占쏙옙 占싱삼옙,50 - 59占쏙옙,40 - 49占쏙옙,
88,占쏙옙占쏙옙占쏙옙占?占쌤뤄옙,430043,34,195,188,780,3525,16319,58201,49800,58816,66979,175206,75占쏙옙 占싱삼옙,70 - 74占쏙옙,65 - 69占쏙옙,,
89,占쌨몌옙占싻뤄옙占쏙옙占쏙옙占쏙옙占쏙옙占쌤삼옙占쏙옙특占쏙옙占쏙옙占쏙옙占쌌븝옙占쏙옙占쏙옙占쌤곤옙占쏙옙占쌓놂옙占쏙옙占쏙옙처치占쏙옙占쌌븝옙占쏙옙,占쌤뤄옙,373933,627,14875,9762,28550,50448,65340,80263,38372,30534,23824,31338,50 - 59占쏙옙,40 - 49占쏙옙,30 - 39占쏙옙,
90,"占쏙옙타,占쏙옙占쏙옙占쌀몌옙,占쌈발쇽옙,占쏢세불몌옙占쌓다발쇽옙占쏙옙占쏙옙占실악쇽옙占신삼옙占쏙옙",占쌤뤄옙,373883,19,467,1008,8312,40911,87109,113771,48486,31475,21010,21315,50 - 59占쏙옙,40 - 49占쏙옙,60 - 64占쏙옙,
91,치占쏙옙,占쌤뤄옙,369871,,3,21,53,173,657,5207,8320,18436,39103,297898,75占쏙옙 占싱삼옙,70 - 74占쏙옙,65 - 69占쏙옙,
92,占쏙옙타占쏙옙占쏙옙占쏙옙占쏙옙환,占쌤뤄옙,368909,6,447,1507,2806,7776,24089,71197,53687,54211,52779,100404,75占쏙옙 占싱삼옙,50 - 59占쏙옙,65 - 69占쏙옙,
93,占쏙옙占쏙옙占쏙옙岺謬占쏙옙凉븝옙占쏙옙占쏙옙占?占쌤뤄옙,368597,503,2262,6172,13084,18663,32552,61392,43214,44226,44963,101566,75占쏙옙 占싱삼옙,50 - 59占쏙옙,70 - 74占쏙옙,,
94,占쌘깍옙占쏙옙占쏙옙활占쏙옙占쏙옙,占쌤뤄옙,363512,,0,117,8966,61874,158802,106326,17097,6254,2714,1362,40 - 49占쏙옙,50 - 59占쏙옙,30 - 39占쏙옙,
95,占쏙옙타占쏙옙占쏙옙占싻쇽옙占쏙옙환,占쌤뤄옙,363069,2,84,728,2732,9440,31769,73523,48965,46981,46157,102688,75占쏙옙 占싱삼옙,50 - 59占쏙옙,60 - 64占쏙옙,
96,占실븝옙占실양성占신삼옙占쏙옙,占쌤뤄옙,350917,1305,16982,25950,41160,48576,59157,65402,27905,21162,16715,26603,50 - 59占쏙옙,40 - 49占쏙옙,30 - 39占쏙옙,
97,철占쏙옙占싱쇽옙占쏙옙占쏙옙,占쌤뤄옙,349295,2063,33191,24514,27059,47457,102267,43501,12022,11720,11964,33537,40 - 49占쏙옙,30 - 39占쏙옙,50 - 59占쏙옙,
98,占쏙옙타占쌕곤옙腑占쌓곤옙占쏙옙占쏙옙占쏙옙占실깍옙타占쏙옙占?占쌤뤄옙,293000,1130,10979,34958,19369,23173,31632,49934,28259,26581,25512,41473,50 - 59占쏙옙,75占쏙옙 占싱삼옙,10 - 19占쏙옙,,
99,占쏙옙占쏙옙占쏙옙占실깍옙타占쏙옙占?占쌤뤄옙,275470,1,23,2340,33846,58911,63682,52643,21046,15339,11585,16054,40 - 49占쏙옙,30 - 39占쏙옙,50 - 59占쏙옙,,
100,占쏙옙占쏙옙占쏙옙占식깍옙占쏙옙풉占신몌옙占싫?占쌤뤄옙,275164,1157,74776,22629,24215,66082,37571,23042,9432,6523,4664,5073,1 - 9占쏙옙,30 - 39占쏙옙,40 - 49占쏙옙,,
101,占쏙옙占쏙옙占실양성占신삼옙占쏙옙,占쌤뤄옙,274462,5,76,1685,18739,49004,99797,73278,17890,7713,3978,2297,40 - 49占쏙옙,50 - 59占쏙옙,30 - 39占쏙옙,
102,占쏙옙寬消?옙占?占쌤뤄옙,266709,25,460,3829,18746,40352,57739,67737,29025,20203,13466,15127,50 - 59占쏙옙,40 - 49占쏙옙,30 - 39占쏙옙,,
103,占신쇽옙占쏙옙占쏙옙-占쏙옙占쏙옙占쏙옙占쏙옙환,占쌤뤄옙,244560,5516,14851,6816,24836,29283,38640,47098,20690,15897,13482,27451,50 - 59占쏙옙,40 - 49占쏙옙,30 - 39占쏙옙,
104,占쏙옙占쏙옙占쌩듸옙占쏙옙,占쌤뤄옙,233963,21,355,6381,23972,45905,51748,53826,20394,12977,8395,9989,50 - 59占쏙옙,40 - 49占쏙옙,30 - 39占쏙옙,
105,占쏙옙타占쏙옙占쏙옙占쏙옙占쏙옙占쏙옙환,占쌤뤄옙,228018,24,112,2015,5168,9469,23195,49707,29828,28634,26869,52997,75占쏙옙 占싱삼옙,50 - 59占쏙옙,60 - 64占쏙옙,
106,占신븝옙占쏙옙占쏙옙,占쌤뤄옙,227170,40,293,864,2991,7737,18612,36963,26241,28431,30660,74338,75占쏙옙 占싱삼옙,50 - 59占쏙옙,70 - 74占쏙옙,
107,占쏙옙타占쏙옙화占쏙옙占쏙옙占쏙옙占싫?占쌤뤄옙,215993,913,8381,5735,13395,23804,35723,47974,23010,17251,14401,25406,50 - 59占쏙옙,40 - 49占쏙옙,75占쏙옙 占싱삼옙,,
108,占쏙옙타占쏙옙환占쏙옙占쏙옙占싫?占쌤뤄옙,213467,236,11499,19013,24826,25879,29747,33921,15791,13798,13004,25753,50 - 59占쏙옙,40 - 49占쏙옙,30 - 39占쏙옙,,
109,占싸곤옙占쏙옙占쌌삼옙,占쌤뤄옙,209967,2675,33532,20938,16309,16791,20256,30318,15428,13193,12124,28403,1 - 9占쏙옙,50 - 59占쏙옙,75占쏙옙 占싱삼옙,
110,占싻몌옙占식곤옙호占쌓검삼옙,占쌤뤄옙,203056,15,5,351,43467,149441,9728,37,6,1,,5,30 - 39占쏙옙,20 - 29占쏙옙,40 - 49占쏙옙,
111,占쏙옙타占쌓상세불몌옙占쏙옙占쏙옙占실울옙占쏙옙,占쌤뤄옙,196313,1189,24465,15405,22068,24052,28091,33016,14056,10961,8450,14560,50 - 59占쏙옙,40 - 49占쏙옙,1 - 9占쏙옙,
112,占쏙옙타占쏙옙占쌌쇽옙占쏙옙환,占쌤뤄옙,194364,815,39954,9223,31632,35938,31754,23231,6883,4709,3899,6326,1 - 9占쏙옙,30 - 39占쏙옙,40 - 49占쏙옙,
113,占쏙옙타占쌈신곤옙占싻몌옙占쏙옙占쌌븝옙占쏙옙,占쌤뤄옙,177384,,5,493,39441,127175,10215,55,,,,,30 - 39占쏙옙,20 - 29占쏙옙,40 - 49占쏙옙,
114,占썬석占쏙옙榴陞띰옙占?占쌤뤄옙,175442,6,135,805,6082,18428,29021,37257,20028,17255,15291,31134,50 - 59占쏙옙,75占쏙옙 占싱삼옙,40 - 49占쏙옙,,
115,占쏙옙占쏙옙占쏙옙占쏙옙占싣뤄옙,占쌤뤄옙,172633,1,63,955,11857,21631,37256,48411,20068,13911,8971,9509,50 - 59占쏙옙,40 - 49占쏙옙,30 - 39占쏙옙,
116,占쏙옙타占쏙옙占쏙옙,占쌤뤄옙,171151,696,7991,11407,14838,21211,35872,23899,9934,9592,9526,26185,40 - 49占쏙옙,75占쏙옙 占싱삼옙,50 - 59占쏙옙,
117,占쏙옙占쏙옙占실악쇽옙占신삼옙占쏙옙,占쌤뤄옙,167779,0,0,25,617,8410,41693,62667,22871,14005,9007,8484,50 - 59占쏙옙,40 - 49占쏙옙,60 - 64占쏙옙,
118,占쏙옙占쌓안울옙占실손삼옙,占쌤뤄옙,164849,364,21058,18718,19142,22778,23771,28072,12003,7715,5052,6176,50 - 59占쏙옙,40 - 49占쏙옙,30 - 39占쏙옙,
119,占쏙옙占?占쌤뤄옙,158885,1924,77997,44510,8886,4548,4374,5166,2892,2648,2320,3620,1 - 9占쏙옙,10 - 19占쏙옙,20 - 29占쏙옙,,
120,占쏙옙占실악쇽옙占신삼옙占쏙옙,占쌤뤄옙,152139,,2,13,188,2598,13502,34083,23792,23293,21513,33155,50 - 59占쏙옙,75占쏙옙 占싱삼옙,60 - 64占쏙옙,
121,占쏙옙占쏙옙占쏙옙占쏙옙占쏙옙,占쌤뤄옙,144675,,0,152,16556,106054,21840,73,,,,,30 - 39占쏙옙,40 - 49占쏙옙,20 - 29占쏙옙,
122,占쏙옙占쏙옙,占쌤뤄옙,137310,282,8743,17836,21796,18152,19371,19425,8841,6661,5658,10545,20 - 29占쏙옙,50 - 59占쏙옙,40 - 49占쏙옙,
123,"占쏙옙占신분울옙占쏙옙,占싻울옙占쏙옙占쌓몌옙占쏙옙占쏙옙占?,占쌤뤄옙,133444,1,32,2945,17228,25094,32758,26347,9243,5980,4481,9335,40 - 49占쏙옙,50 - 59占쏙옙,30 - 39占쏙옙
124,占쏙옙占쏙옙占쏙옙占쏙옙천占쏙옙占쏙옙占쏙옙,占쌤뤄옙,131923,499,16252,18149,11558,8684,14640,28035,13391,9315,5757,5643,50 - 59占쏙옙,10 - 19占쏙옙,1 - 9占쏙옙
125,占쏙옙타占쏙옙占쏙옙占쏙옙환,占쌤뤄옙,124082,413,1924,1777,3015,5428,11615,22323,14869,14438,14661,33619,75占쏙옙 占싱삼옙,50 - 59占쏙옙,60 - 64占쏙옙
126,占쏙옙占쌥쇽옙占쏙옙占쏙옙환,占쌤뤄옙,117882,,12,288,3287,11626,25125,37259,16971,10909,6454,5951,50 - 59占쏙옙,40 - 49占쏙옙,60 - 64占쏙옙
127,占쏙옙타占쏙옙占쏙옙占쏙옙占쌓깍옙占쏙옙轢븝옙占싫?占쌤뤄옙,115860,480,16109,8130,13055,14107,15666,18787,8163,5814,4398,11151,50 - 59占쏙옙,1 - 9占쏙옙,40 - 49占쏙옙
128,占쌨몌옙占싻뤄옙占쏙옙占쏙옙占쏙옙占쏙옙占쌍로삼옙占썩에占쏙옙占시듸옙占쌌븝옙占쏙옙占쌓깍옙타占쏙옙占쏙옙占쏙옙占쏙옙占?占쌤뤄옙,112785,0,8,306,25415,81592,5326,138,0,0,0,0,30 - 39占쏙옙,20 - 29占쏙옙,40 - 49占쏙옙
129,占심븝옙占쏙옙,占쌤뤄옙,110707,34,58,138,686,2012,5154,11381,8886,10779,14059,57520,75占쏙옙 占싱삼옙,70 - 74占쏙옙,50 - 59占쏙옙
130,占쌘궁놂옙占쏙옙占쏙옙,占쌤뤄옙,109121,,3,366,10771,28476,51937,16489,700,216,92,71,40 - 49占쏙옙,30 - 39占쏙옙,50 - 59占쏙옙
131,占쏙옙占쏙옙占쏙옙占싫?占쌤뤄옙,104965,4,5535,19716,17733,17716,15482,13489,4940,3435,2628,4287,10 - 19占쏙옙,20 - 29占쏙옙,30 - 39占쏙옙
132,占싹곤옙占쏙옙占쏙옙占쏙옙占쏙옙占쏙옙占쏙옙占쏙옙膀陋占쏙옙占쏙옙占쏙옙캇占?占쌤뤄옙,104151,1,52,350,950,2279,6517,19621,15191,15396,14557,29237,75占쏙옙 占싱삼옙,50 - 59占쏙옙,65 - 69占쏙옙
133,占쏙옙占쏙옙占실양성占신삼옙占쏙옙,占쌤뤄옙,103828,29,139,2866,19623,27444,29476,15162,3715,2159,1458,1757,40 - 49占쏙옙,30 - 39占쏙옙,20 - 29占쏙옙
134,占쏙옙타占쏙옙占쏙옙占쏙옙캇藪∽옙占쏙옙占싼븝옙占쏙옙,占쌤뤄옙,102573,96917,5656,,,,,,,,,,0占쏙옙,1 - 9占쏙옙,1 - 9占쏙옙
135,占쏙옙타占쏙옙타占싸곤옙占쏙옙占쏙옙,占쌤뤄옙,100295,324,2019,3164,6618,12771,19397,27714,10843,7400,4611,5434,50 - 59占쏙옙,40 - 49占쏙옙,30 - 39占쏙옙
136,占쏙옙타占썹구체占쏙옙환,占쌤뤄옙,97614,23,3811,8767,8531,10812,15297,19319,9341,7429,5732,8552,50 - 59占쏙옙,40 - 49占쏙옙,30 - 39占쏙옙
137,占쏙옙占시된다발쇽옙占쏙옙체占쏙옙占쏙옙占실압궤손삼옙六病占쏙옙占쏙옙占?占쌤뤄옙,96572,63,11059,9336,11245,12534,15030,18239,7086,4609,3047,4324,50 - 59占쏙옙,40 - 49占쏙옙,30 - 39占쏙옙
138,占쏙옙占쏙옙체占쌓삼옙占?占쌤뤄옙,96463,710,18340,7069,8684,13299,11494,11448,5289,4280,4003,11847,1 - 9占쏙옙,30 - 39占쏙옙,75占쏙옙 占싱삼옙
139,占쌍로븝옙占실억옙鍮곤옙占쏙옙占쏙옙森占쏙옙謗占?占쌤뤄옙,95519,165,8902,4439,6369,8031,13449,22011,10473,7947,5606,8127,50 - 59占쏙옙,40 - 49占쏙옙,60 - 64占쏙옙
140,占쌨쇽옙占심근곤옙占쏙옙占?占쌤뤄옙,92145,,3,24,130,1447,8601,21548,13649,12305,10496,23942,75占쏙옙 占싱삼옙,50 - 59占쏙옙,60 - 64占쏙옙
141,占쏙옙占쏙옙",占쏙옙占쏙옙占쌓깍옙占싸댐옙占실븝옙占쏙옙占쏙옙占쏙옙占?,占쌤뤄옙,92106,101,253,3093,17225,24535,26832,12888,2876,1752,1170,1381,40 - 49占쏙옙,30 - 39占쏙옙,20 - 29占쏙옙
142,占쏙옙占신쇽옙占쏙옙占쏙옙占쏙옙占쏙옙占쏙옙占쏙옙占?占쌤뤄옙,92003,476,11332,2079,5866,10411,16648,20338,8727,5939,4403,5784,50 - 59占쏙옙,40 - 49占쏙옙,1 - 9占쏙옙,,
143,占쌓삼옙占싫?옙占?占쌤뤄옙,90122,,1,77,327,1134,5576,19091,15001,14138,13078,21699,75占쏙옙 占싱삼옙,50 - 59占쏙옙,60 - 64占쏙옙,,
144,占쏙옙占쏙옙占쏙옙占쏙옙占승울옙占쏙옙占쌓뱄옙占쏙옙占쏙옙占쏙옙占쏙옙풉占신몌옙占싫?占쌤뤄옙,88677,433,8857,6083,8330,9785,11098,14898,7338,6288,5612,9955,50 - 59占쏙옙,40 - 49占쏙옙,75占쏙옙 占싱삼옙,,
145,占쏙옙킨占쏙옙占쏙옙,占쌤뤄옙,86906,,1,11,60,251,1207,6289,7072,10307,14769,46939,75占쏙옙 占싱삼옙,70 - 74占쏙옙,65 - 69占쏙옙,
146,占쏙옙타占승아와양막占쏙옙占쌓곤옙占쏙옙占싼분몌옙占쏙옙占쏙옙占싶곤옙占시된삼옙占쏙옙占쏙옙,占쌤뤄옙,83867,,3,153,16681,62326,4688,16,,,,,30 - 39占쏙옙,20 - 29占쏙옙,40 - 49占쏙옙,
147,占쏙옙占쏙옙占실악쇽옙占신삼옙占쏙옙,占쌤뤄옙,81798,,2,22,191,1211,5094,16327,12288,12456,12145,22062,75占쏙옙 占싱삼옙,50 - 59占쏙옙,65 - 69占쏙옙,
148,占쏙옙타占쏙옙천占쏙옙占쏙옙占쏙옙,占쌤뤄옙,80717,5416,27858,11637,9405,7448,6602,5879,2279,1563,1149,1481,1 - 9占쏙옙,10 - 19占쏙옙,20 - 29占쏙옙,
149,占쌨쇽옙占쏙옙占썲염占쌓깍옙타占쏙옙占쏙옙占쏙옙占쏙옙환,占쌤뤄옙,79478,2,164,676,2996,6917,11708,19571,11068,9022,7232,10122,50 - 59占쏙옙,40 - 49占쏙옙,60 - 64占쏙옙,
150,"占쏙옙占?占쏙옙占쏙옙占쏙옙占쏙옙占쏙옙퓸퓬占쏙옙탈占쏙옙占?,占쌤뤄옙,78143,,3,25,160,637,3270,12592,11608,13316,13478,23054,75占쏙옙 占싱삼옙,70 - 74占쏙옙,65 - 69占쏙옙
151,占쏙옙占쏙옙占쌘몌옙占싶몌옙占쏙옙占실곤옙占쏙옙,占쌤뤄옙,76268,3,96,2272,9880,8347,10400,18580,10446,7266,4598,4380,50 - 59占쏙옙,60 - 64占쏙옙,40 - 49占쏙옙
152,占쏙옙占쏙옙占쏙옙占실악쇽옙占신삼옙占쏙옙,占쌤뤄옙,75373,,2,4,19,81,494,4671,7446,12181,16034,34441,75占쏙옙 占싱삼옙,70 - 74占쏙옙,65 - 69占쏙옙
153,占쏙옙타占쏙옙占쏙옙占쏙옙擔占?占쌤뤄옙,74304,,0,364,13354,49275,11180,131,,,,,30 - 39占쏙옙,20 - 29占쏙옙,40 - 49占쏙옙
154,占쏙옙占쏙옙占쏙옙占쏙옙,占쌤뤄옙,73848,128,318,361,842,2503,8126,18701,10764,9372,8148,14585,50 - 59占쏙옙,75占쏙옙 占싱삼옙,60 - 64占쏙옙
155,占쏙옙占쏙옙占싫?옙占쏙옙占?占쌤뤄옙,73411,1,69,201,599,1348,4217,16707,12746,12359,10433,14731,50 - 59占쏙옙,75占쏙옙 占싱삼옙,60 - 64占쏙옙
156,占쏙옙환占쏙옙占쏙옙퓬占시듸옙占쏙옙占쏙옙占?占쌤뤄옙,69006,10601,23446,7623,5397,3877,4559,5727,2759,1962,1428,1627,1 - 9占쏙옙,0占쏙옙,10 - 19占쏙옙
157,占쎌르占싹아곤옙占쏙옙占승몌옙占쏙옙占쏙옙占쏙옙占쏙옙占쏙옙占쏙옙占쏙옙占쏙옙占?占쌤뤄옙,66520,782,15011,5415,4858,5386,6226,8217,4200,3874,3600,8951,1 - 9占쏙옙,75占쏙옙 占싱삼옙,50 - 59占쏙옙
158,占쏙옙占쌓곤옙占쏙옙占쏙옙占쏙옙퓸퓬占쏙옙탈占쏙옙占?占쌤뤄옙,66002,5,119,88,118,830,4733,16322,11817,10471,8763,12736,50 - 59占쏙옙,75占쏙옙 占싱삼옙,60 - 64占쏙옙
159,占쏙옙占쏙옙占쏙옙품占쏙옙占?占쌤뤄옙,63350,33,988,1441,1304,1488,2421,5059,3662,4633,6718,35603,75占쏙옙 占싱삼옙,70 - 74占쏙옙,50 - 59占쏙옙
160,占쏙옙占쏙옙S占쏙옙占쏙옙占쏙옙占쏙옙擥占?占쏙옙占쏙옙","占쌓뱄옙占쏙옙占쌓뱄옙占쏙옙占실악쇽옙占신삼옙占쏙옙""",占쌤뤄옙,62020,,0,7,182,1248,4809,13765,9728,9261,8327,14693,75占쏙옙 占싱삼옙,50 - 59占쏙옙,60 - 64占쏙옙
161,크占싻븝옙占쌓궤양성占쏙옙占썲염,占쌤뤄옙,59795,12,179,3106,10785,10606,10918,10804,4703,3331,2430,2921,40 - 49占쏙옙,50 - 59占쏙옙,20 - 29占쏙옙,
162,占쏙옙타,占쌤뤄옙,59251,85,22121,2859,5373,11258,6533,6269,2082,1103,774,794,1 - 9占쏙옙,30 - 39占쏙옙,40 - 49占쏙옙,
163,占쏙옙占쌥삼옙肉∽옙占쏙옙占쏙옙占쏙옙탁占쏙옙碩울옙占쏙옙,占쌤뤄옙,58099,2,11,1527,5186,8009,13026,15210,5994,3829,2524,2781,50 - 59占쏙옙,40 - 49占쏙옙,30 - 39占쏙옙,
164,호占쏙옙占쏙옙占쏙옙占?占쌤뤄옙,55440,5,109,1085,4737,5632,7302,10187,5126,4298,4299,12660,75占쏙옙 占싱삼옙,50 - 59占쏙옙,40 - 49占쏙옙,,
165,占쏙옙占쏙옙占쏙옙占쏙옙劉占신몌옙占쏙옙占쏙옙占쏙옙캇占?占쌤뤄옙,54152,124,5075,4939,2757,2820,4452,8311,5234,5193,5142,10105,75占쏙옙 占싱삼옙,50 - 59占쏙옙,60 - 64占쏙옙,,
166,占쏙옙占쏙옙占쏙옙占쏙옙占쏙옙占식되댐옙클占쏙옙絹占쏙옙占쏙옙환,占쌤뤄옙,50990,,6,1252,20170,14068,9038,4882,868,352,195,159,20 - 29占쏙옙,30 - 39占쏙옙,40 - 49占쏙옙,
167,"占쏙옙타占쏙옙占쏙옙,占쌀듸옙占싣및몌옙占쏙옙占쏙옙占쏙옙占쏙옙환",占쌤뤄옙,50606,84,760,918,1451,2342,5010,8746,5815,6183,6499,12798,75占쏙옙 占싱삼옙,50 - 59占쏙옙,70 - 74占쏙옙,
168,占쏙옙타占쏙옙화占쏙옙占쏙옙퓬占시듸옙占쏙옙占쏙옙占?占쌤뤄옙,49879,20862,14423,2769,1500,1142,1681,2902,1472,1150,889,1089,0占쏙옙,1 - 9占쏙옙,50 - 59占쏙옙,,
169,占쏙옙占쌈곤옙占쏙옙,占쌤뤄옙,48521,,2,1039,10995,14853,16313,5103,134,41,26,15,40 - 49占쏙옙,30 - 39占쏙옙,20 - 29占쏙옙,
170,占쏙옙占쏙옙占쎌르占싹억옙,占쌤뤄옙,44815,1688,6572,1320,2285,2366,3066,5857,4309,4658,4616,8078,75占쏙옙 占싱삼옙,1 - 9占쏙옙,50 - 59占쏙옙,
171,占쏙옙占실게실쇽옙占쏙옙환,占쌤뤄옙,44157,,22,558,2837,6724,9511,11103,5010,3111,2377,2904,50 - 59占쏙옙,40 - 49占쏙옙,30 - 39占쏙옙,
172,占쏙옙占쏙옙占쏙옙占싱머븝옙,占쌤뤄옙,40621,,0,,4,13,58,785,1215,2312,4707,31527,75占쏙옙 占싱삼옙,70 - 74占쏙옙,65 - 69占쏙옙,
173,占쏙옙타占쌕곤옙腑占쏙옙퓬占시듸옙占쏙옙占쏙옙占쏙옙留占쏙옙占?占쌤뤄옙,38628,6822,16736,7346,3353,1250,917,967,397,331,241,268,1 - 9占쏙옙,10 - 19占쏙옙,0占쏙옙,,
174,占쏙옙타占쏟뇨삼옙占식깍옙占쏙옙풉占쏙옙占?占쌤뤄옙,36482,3204,13215,2838,1854,2533,3133,3903,1894,1425,1160,1323,1 - 9占쏙옙,50 - 59占쏙옙,0占쏙옙,,
175,占쌘궁곤옙占쏙옙퓨占쏙옙풍占쏙옙占쏙옙占?占쌤뤄옙,34753,,0,18,2380,9756,10482,6745,2151,1479,925,817,40 - 49占쏙옙,30 - 39占쏙옙,50 - 59占쏙옙,,
176,占쏙옙타占쏙옙A占쏙옙占쏙옙占쏙옙,占쌤뤄옙,34156,32,412,1141,5859,5747,5706,5501,2142,1905,1688,4023,20 - 29占쏙옙,30 - 39占쏙옙,40 - 49占쏙옙,
177,占쏙옙타占썰도占실악쇽옙占신삼옙占쏙옙,占쌤뤄옙,32959,,187,172,227,1366,3944,7677,5042,4410,3874,6060,50 - 59占쏙옙,75占쏙옙 占싱삼옙,60 - 64占쏙옙,
178,占썸광占실악쇽옙占신삼옙占쏙옙,占쌤뤄옙,31060,,3,12,84,319,1301,4066,3820,4598,5024,11833,75占쏙옙 占싱삼옙,70 - 74占쏙옙,65 - 69占쏙옙,
179,占쏙옙占쏙옙占쏙옙캇藪°?옙占쏙옙畸占신몌옙占쏙옙占?占쌤뤄옙,29407,27756,1651,,,,,,,,,,0占쏙옙,1 - 9占쏙옙,1 - 9占쏙옙,,
180,"占쏙옙占싣울옙,占쏙옙占쏙옙占쏙옙占싣울옙,占쏙옙占싣삼옙占쏙옙占쏙옙占쏙옙占쏙옙占쏙옙占쏙옙",占쌤뤄옙,29169,7,78,270,1370,2570,4011,5507,3032,2875,2929,6520,75占쏙옙 占싱삼옙,50 - 59占쏙옙,40 - 49占쏙옙,
181,占쌘궁곤옙占실악쇽옙占신삼옙占쏙옙,占쌤뤄옙,25917,0,0,3,246,2920,5937,7558,3259,2207,1614,2173,50 - 59占쏙옙,40 - 49占쏙옙,60 - 64占쏙옙,
182,占쏙옙占쏙옙占쏙옙占식깍옙탈占쏙옙,占쌤뤄옙,23764,3,10,19,111,491,1344,3867,3554,4134,3987,6244,75占쏙옙 占싱삼옙,65 - 69占쏙옙,70 - 74占쏙옙,
183,占쏙옙타占쏙옙占쏙옙占쏙옙占식깍옙占쏙옙퓸퓬占쏙옙탈占쏙옙占?占쌤뤄옙,23092,,34,305,1681,2658,5003,6577,2463,1692,1207,1472,50 - 59占쏙옙,40 - 49占쏙옙,30 - 39占쏙옙,,
184,占쏙옙占쏙옙占쏙옙占쌓놂옙占쌀울옙,占쌤뤄옙,22553,,1,362,4463,6206,6143,3724,697,426,260,271,30 - 39占쏙옙,40 - 49占쏙옙,20 - 29占쏙옙,
185,占쏙옙타占쏙옙화占쏙옙占쏙옙퓸퓬占쏙옙탈占쏙옙占?占쌤뤄옙,22522,,2,9,35,226,1115,3577,3061,3506,3680,7311,75占쏙옙 占싱삼옙,70 - 74占쏙옙,50 - 59占쏙옙,,
186,占쏙옙호占쏙옙킨占쏙옙占쏙옙占쏙옙,占쌤뤄옙,22441,,157,577,1029,1554,2724,4865,3005,2584,2330,3616,50 - 59占쏙옙,75占쏙옙 占싱삼옙,60 - 64占쏙옙,
187,占쏙옙占쏙옙占쏙옙占쏙옙티占쏙옙占쏙옙占쏙옙占쏙옙환,占쌤뤄옙,22204,103,443,156,218,541,2414,4910,3243,3092,2660,4424,50 - 59占쏙옙,75占쏙옙 占싱삼옙,60 - 64占쏙옙,
188,"占쌌삼옙,占쌩듸옙占쌓울옙占쏙옙占실깍옙타占쏙옙占쏙옙占쏙옙占쏙옙占쏙옙占?,占쌤뤄옙,21620,11,451,1029,1577,1478,1943,3391,2028,2159,2353,5200,75占쏙옙 占싱삼옙,50 - 59占쏙옙,70 - 74占쏙옙
189,占쏙옙占쏙옙占쏙옙占쏙옙,占쌤뤄옙,21321,1,3698,7467,5500,2276,1403,666,152,76,37,45,10 - 19占쏙옙,20 - 29占쏙옙,1 - 9占쏙옙
190,占쏟뇨깍옙占쏙옙퓸煐븝옙탈占쏙옙占?占쌤뤄옙,20672,8,51,106,664,1637,3216,5329,2973,2441,1819,2428,50 - 59占쏙옙,40 - 49占쏙옙,60 - 64占쏙옙
191,占쏙옙占쏙옙占쏙옙,占쌤뤄옙,18829,6,1078,2095,1925,1755,2504,3230,1700,1476,1187,1873,50 - 59占쏙옙,40 - 49占쏙옙,10 - 19占쏙옙
192,占쏙옙타占쌓상세불몌옙占쏙옙占쌘궁븝옙占쏙옙占실악쇽옙占신삼옙占쏙옙,占쌤뤄옙,17970,0,0,9,251,1321,3447,6494,2952,1681,979,836,50 - 59占쏙옙,40 - 49占쏙옙,60 - 64占쏙옙
193,占쌉쇽옙","占쏙옙占쏙옙占쏙옙占싸듸옙占실악쇽옙占신삼옙占쏙옙""",占쌤뤄옙,17727,2,22,119,421,915,2003,4334,2733,2382,1957,2839,50 - 59占쏙옙,75占쏙옙 占싱삼옙,60 - 64占쏙옙
194,占쏙옙占쏙옙占실는곤옙占쏙옙占쏙옙罐占쏙옙천占쏙옙占쏙옙占쏙옙占쏙옙占쏙옙占?占쌤뤄옙,17549,4,12,30,83,276,924,2547,1994,2257,2614,6808,75占쏙옙 占싱삼옙,70 - 74占쏙옙,50 - 59占쏙옙,,
195,占쏙옙占쌓깍옙타占쏙옙占쌩신곤옙占쏙옙퓸煐븝옙탈占쏙옙占?占쌤뤄옙,17362,5,170,459,848,1438,2539,4322,2252,1733,1486,2110,50 - 59占쏙옙,40 - 49占쏙옙,60 - 64占쏙옙,,
196,占쏙옙占쏙옙占쏙옙占싱곤옙占쏙옙占시된곤옙占쏙옙占쏙옙占?占쌤뤄옙,16680,40,146,164,1070,4592,2947,3448,1564,1024,728,957,30 - 39占쏙옙,50 - 59占쏙옙,40 - 49占쏙옙,,
197,占쏙옙占쏙옙占쏙옙占쏙옙占쏙옙占쏙옙占쌓뤄옙,占쌤뤄옙,15826,1619,4936,665,459,565,1039,2070,1250,1079,835,1309,1 - 9占쏙옙,50 - 59占쏙옙,0占쏙옙,
198,占쏙옙占신몌옙,占쌤뤄옙,15618,3,8254,3691,970,862,764,600,167,98,85,124,1 - 9占쏙옙,10 - 19占쏙옙,20 - 29占쏙옙,
199,占쏙옙占쌩신곤옙占쏙옙퓻占쏙옙占쏙옙占쏙옙占싫?占쌤뤄옙,15453,455,3124,1998,1439,1594,1527,1976,950,768,637,985,1 - 9占쏙옙,10 - 19占쏙옙,50 - 59占쏙옙,,
200,占쏙옙占쏙옙占실악쇽옙占신삼옙占쏙옙,占쌤뤄옙,15263,,1,52,92,287,949,2809,2219,2295,2366,4193,75占쏙옙 占싱삼옙,50 - 59占쏙옙,70 - 74占쏙옙,
201,占쏙옙타占쎌르占싹억옙,占쌤뤄옙,15198,1898,1390,174,466,1493,1529,1781,1215,1187,1314,2751,75占쏙옙 占싱삼옙,0占쏙옙,50 - 59占쏙옙,
202,"占승아뱄옙占쏙옙占쏙옙占쏙옙,占승아울옙占쏙옙占쏙옙占쏙옙姑倂占쏙옙擔탁占쏙옙占시쇽옙占쏙옙占쏙옙占쏙옙占쏙옙천占쏙옙占쏙옙",占쌤뤄옙,14593,9691,4902,,,,,,,,,,0占쏙옙,1 - 9占쏙옙,1 - 9占쏙옙,
203,占쏙옙타占실븝옙占실악쇽옙占신삼옙占쏙옙,占쌤뤄옙,14295,1,14,43,160,384,810,1869,1419,1614,1784,6197,75占쏙옙 占싱삼옙,50 - 59占쏙옙,70 - 74占쏙옙,
204,占쌈균곤옙占쏙옙,占쌤뤄옙,14218,,10,566,4732,4043,2809,1431,291,155,81,100,20 - 29占쏙옙,30 - 39占쏙옙,40 - 49占쏙옙,
205,占쏙옙타占신듸옙,占쌤뤄옙,14128,3,17,197,2375,2451,1892,2108,1337,1136,1083,1529,30 - 39占쏙옙,20 - 29占쏙옙,50 - 59占쏙옙,
206,占쌘울옙占쏙옙占쏙옙,占쌤뤄옙,14089,,0,97,2968,9192,1822,10,,,,,30 - 39占쏙옙,20 - 29占쏙옙,40 - 49占쏙옙,
207,占쏙옙,占쌤뤄옙,13660,2,781,1335,1889,3670,3243,1964,417,206,95,58,30 - 39占쏙옙,40 - 49占쏙옙,50 - 59占쏙옙,
208,"占쏙옙타占쏙옙占쏙옙,占쏙옙占쏙옙占쌓곤옙占쏙옙占쏙옙占쏙옙占실악쇽옙占신삼옙占쏙옙",占쌤뤄옙,13313,7,334,329,286,538,1313,2814,1903,1830,1592,2367,50 - 59占쏙옙,75占쏙옙 占싱삼옙,60 - 64占쏙옙,
209,占쏙옙占실쇽옙천占쏙옙占쏙옙占쏙옙,占쌤뤄옙,13246,694,4927,3992,1415,539,478,555,264,170,110,102,1 - 9占쏙옙,10 - 19占쏙옙,20 - 29占쏙옙,
210,占쌨쇽옙占쌓급쇽옙占쏙옙占썅성占신울옙占쏙옙占식깍옙,占쌤뤄옙,12901,11,423,692,1331,1665,2137,2400,1092,889,775,1486,50 - 59占쏙옙,40 - 49占쏙옙,30 - 39占쏙옙,
211,占쏙옙占쏙옙占쏙옙占?占쌤뤄옙,12837,,3,24,260,602,941,1406,1076,1303,1792,5430,75占쏙옙 占싱삼옙,70 - 74占쏙옙,50 - 59占쏙옙,,
212,占쏙옙占쏙옙占쏙옙,占쌤뤄옙,12742,2405,3767,578,448,701,701,970,519,470,479,1704,1 - 9占쏙옙,0占쏙옙,75占쏙옙 占싱삼옙,
213,占쌍삼옙藪∽옙占쏙옙占싼깍옙타호占쏙옙占쏙옙占쏙옙占?占쌤뤄옙,10514,7050,3464,,,,,,,,,,0占쏙옙,1 - 9占쏙옙,1 - 9占쏙옙,,
214,占쏙옙占쏙옙占?占쌤뤄옙,10070,20,229,631,530,663,1052,1885,1192,1020,948,1900,75占쏙옙 占싱삼옙,50 - 59占쏙옙,60 - 64占쏙옙,,
215,占쏙옙체占썽역占쏙옙占싱뱄옙占싱뤄옙占쏙옙占쏙옙환,占쌤뤄옙,9926,4,8,43,1817,2294,2458,1910,621,375,221,175,40 - 49占쏙옙,30 - 39占쏙옙,50 - 59占쏙옙,
216,占쏙옙占실악쇽옙占신삼옙占쏙옙,占쌤뤄옙,9665,8,360,877,994,1131,1460,1817,895,707,537,879,50 - 59占쏙옙,40 - 49占쏙옙,30 - 39占쏙옙,
217,占쏙옙占쏙옙占쌀울옙占쏙옙占쏙옙占쏙옙占쏙옙占쏙옙占?占쌤뤄옙,9593,9593,0,,,,,,,,,,0占쏙옙,1 - 9占쏙옙,1 - 9占쏙옙,,
218,占쏙옙타占쏙옙占쏙옙,占쌤뤄옙,9537,7,38,157,952,1326,1601,1825,900,700,608,1423,50 - 59占쏙옙,40 - 49占쏙옙,75占쏙옙 占싱삼옙,
219,占쏙옙占실쇽옙占쌓울옙占쏙옙占쏙옙占실악쇽옙占신삼옙占쏙옙,占쌤뤄옙,9371,4,192,279,510,757,1286,1952,1097,997,874,1423,50 - 59占쏙옙,75占쏙옙 占싱삼옙,40 - 49占쏙옙,
220,占식듸옙占실악쇽옙占신삼옙占쏙옙,占쌤뤄옙,8931,,2,1,3,30,180,1330,1540,1747,1612,2486,75占쏙옙 占싱삼옙,65 - 69占쏙옙,70 - 74占쏙옙,
221,占쏙옙타占쏙옙占쏙옙占쏙옙,占쌤뤄옙,8880,25,2449,263,295,459,838,1490,789,673,550,1049,1 - 9占쏙옙,50 - 59占쏙옙,75占쏙옙 占싱삼옙,
222,占쏙옙占쏙옙占쏙옙占실쇽옙천占쏙옙占쏙옙占쏙옙,占쌤뤄옙,8628,2338,4498,568,172,155,206,269,139,115,74,94,1 - 9占쏙옙,0占쏙옙,10 - 19占쏙옙,
223,占쏙옙타占쏙옙占쏙옙占쏙옙占쏙옙퓬攬占?占쌤뤄옙,8578,7,291,596,680,844,1229,1768,833,630,570,1130,50 - 59占쏙옙,40 - 49占쏙옙,75占쏙옙 占싱삼옙,,
224,"占쏙옙占쏙옙占쏙옙占쏙옙,占쏙옙占쏙옙陋占쏙옙占쏙옙占쏙옙占?,占쌤뤄옙,8293,124,3271,3208,760,210,198,156,85,70,66,145,1 - 9占쏙옙,10 - 19占쏙옙,20 - 29占쏙옙
225,占쏙옙占쏙옙占쏙옙환,占쌤뤄옙,8132,893,6072,692,157,115,82,64,27,12,8,10,1 - 9占쏙옙,0占쏙옙,10 - 19占쏙옙
226,占쏙옙占싣삼옙占쏙옙占쏙옙占쏙옙占쏙옙占쏙옙占쏙옙,占쌤뤄옙,8123,1,5,18,94,196,586,1381,1036,1130,1126,2550,75占쏙옙 占싱삼옙,50 - 59占쏙옙,65 - 69占쏙옙
227,占쏙옙占쏙옙티푸占쏙옙,占쌤뤄옙,7870,,59,79,185,341,706,1818,1174,1117,913,1478,50 - 59占쏙옙,75占쏙옙 占싱삼옙,60 - 64占쏙옙
228,占쌈쏙옙",占쏙옙占쌓삼옙占쏙옙퓟占쏙옙占?占쌤백뇨占쌓곤옙占쏙옙占싻쇽옙占쏙옙占?,占쌤뤄옙,7506,,0,21,1401,5483,589,12,,,,,30 - 39占쏙옙,20 - 29占쏙옙,40 - 49占쏙옙
229,占식듸옙占실악쇽옙占신삼옙占쏙옙,占쌤뤄옙,7191,,0,1,3,29,182,1146,1183,1389,1276,1982,75占쏙옙 占싱삼옙,65 - 69占쏙옙,70 - 74占쏙옙,
230,占쏙옙占쏙옙占쏙옙占쏙옙占쏙옙占쏙옙,占쌤뤄옙,7113,,2,129,576,558,888,1504,850,728,649,1229,50 - 59占쏙옙,75占쏙옙 占싱삼옙,40 - 49占쏙옙,
231,占쏙옙타占쏙옙占쏙옙활占쏙옙占쏙옙占쏙옙占쏙옙肉∽옙占쏙옙占쏙옙占쏙옙탁占쏙옙碩울옙占쏙옙,占쌤뤄옙,6919,12,289,164,602,1209,1638,1506,518,317,234,430,40 - 49占쏙옙,50 - 59占쏙옙,30 - 39占쏙옙,
232,占쌨몌옙占싻뤄옙占쏙옙占쏙옙占쏙옙占쏙옙占쏙옙占쏙옙체占싱삼옙,占쌤뤄옙,6618,308,2253,1534,1141,846,411,95,19,7,3,1,1 - 9占쏙옙,10 - 19占쏙옙,20 - 29占쏙옙,
233,占쏙옙占쏙옙킵占?占쌤뤄옙,6534,2,21,180,2421,1755,969,601,205,151,101,128,20 - 29占쏙옙,30 - 39占쏙옙,40 - 49占쏙옙,,
234,占실몌옙占쏙옙占쏙옙占시뤄옙,占쌤뤄옙,6495,10,617,406,347,398,696,1121,567,632,553,1148,75占쏙옙 占싱삼옙,50 - 59占쏙옙,40 - 49占쏙옙,
235,占쏙옙占쏙옙占쏙옙占?占쌤뤄옙,6154,10,135,142,185,265,342,615,429,644,839,2548,75占쏙옙 占싱삼옙,70 - 74占쏙옙,65 - 69占쏙옙,,
236,占썅물占쌓삼옙占쏙옙占쏙옙占쏙옙占쏙옙占쏙옙占쏙옙占쏙옙占쏙옙占쌩듸옙,占쌤뤄옙,5720,56,899,304,612,653,885,818,309,288,249,647,1 - 9占쏙옙,40 - 49占쏙옙,50 - 59占쏙옙,
237,占쌨쇽옙B占쏙옙占쏙옙占쏙옙,占쌤뤄옙,5640,2,116,360,705,877,1040,1272,501,294,221,252,50 - 59占쏙옙,40 - 49占쏙옙,30 - 39占쏙옙,
238,占쏙옙타호占쏙옙占쏙옙占쏙옙占쏙옙占쏙옙占쏙옙占쏙옙퓸퓬占쏙옙탈占쏙옙占?占쌤뤄옙,5600,,91,80,220,383,775,1342,753,643,542,771,50 - 59占쏙옙,40 - 49占쏙옙,75占쏙옙 占싱삼옙,,
239,占쏙옙타占신곤옙占쏙옙퓬占시듸옙占쏙옙占쏙옙占?占쌤뤄옙,5600,956,2080,785,434,363,325,327,120,95,65,50,1 - 9占쏙옙,0占쏙옙,10 - 19占쏙옙,,
240,占쏙옙占쏙옙占쌓깍옙占쏙옙占쏙옙,占쌤뤄옙,5259,465,3192,787,495,124,73,44,21,28,11,19,1 - 9占쏙옙,10 - 19占쏙옙,20 - 29占쏙옙,
241,"占쏙옙치占승뱄옙,占승뱄옙占쏙옙占쏙옙美占쏙옙留龜占쏙옙占쏙옙占쏙옙占?,占쌤뤄옙,5147,,0,8,863,3890,383,3,,,,,30 - 39占쏙옙,20 - 29占쏙옙,40 - 49占쏙옙
242,占쏙옙占쏙옙占쏙옙,占쌤뤄옙,5112,1,8,10,10,21,90,686,834,832,885,1735,75占쏙옙 占싱삼옙,70 - 74占쏙옙,60 - 64占쏙옙
243,占썽역占쏙옙占쏙옙占쏙옙침占쏙옙占싹댐옙특占쏙옙占쏙옙占?占쌤뤄옙,4572,10,254,167,273,572,752,1067,533,384,271,289,50 - 59占쏙옙,40 - 49占쏙옙,30 - 39占쏙옙
244,占쏙옙占싶곤옙占쏙옙占쏙옙占쏙옙占실악쇽옙占신삼옙占쏙옙,占쌤뤄옙,4456,1,62,462,721,547,554,732,379,317,249,432,50 - 59占쏙옙,20 - 29占쏙옙,40 - 49占쏙옙
245,占싻몌옙占쏙옙占쏙옙占쏙옙,占쌤뤄옙,4356,,0,14,960,3087,293,2,,,,,30 - 39占쏙옙,20 - 29占쏙옙,40 - 49占쏙옙
246,占쏙옙타占쏙옙占썸감占쏙옙,占쌤뤄옙,4335,1,22,61,143,234,620,1264,748,513,346,383,50 - 59占쏙옙,60 - 64占쏙옙,40 - 49占쏙옙
247,占싣메뱄옙占쏙옙,占쌤뤄옙,3567,4,54,298,543,461,483,583,316,251,226,348,50 - 59占쏙옙,20 - 29占쏙옙,40 - 49占쏙옙
248,占실븝옙占실악쇽옙占쏙옙占쏙옙占?占쌤뤄옙,3505,3,12,26,64,170,348,703,451,421,396,911,75占쏙옙 占싱삼옙,50 - 59占쏙옙,60 - 64占쏙옙
249,占쏙옙占쌤삼옙,占쌤뤄옙,2707,2404,303,,,,,,,,,,0占쏙옙,1 - 9占쏙옙,1 - 9占쏙옙
250,占쌕발쇽옙占쏙옙화占쏙옙,占쌤뤄옙,2501,,12,70,362,532,539,458,206,140,86,96,40 - 49占쏙옙,30 - 39占쏙옙,50 - 59占쏙옙
251,占쏙옙타占쏙옙占쏙옙占쏙옙占식깍옙占쏙옙퓸퓬占쏙옙탈占쏙옙占?占쌤뤄옙,2404,2,66,59,425,679,433,263,119,85,87,186,30 - 39占쏙옙,40 - 49占쏙옙,20 - 29占쏙옙
252,占싱븝옙척占쏙옙占쏙옙,占쌤뤄옙,2396,480,922,470,287,105,71,34,10,6,7,4,1 - 9占쏙옙,0占쏙옙,10 - 19占쏙옙
253,占쌨쇽옙占쏙옙占쏙옙티占쏙옙占쏙옙,占쌤뤄옙,2125,,24,60,60,117,246,485,327,274,251,281,50 - 59占쏙옙,60 - 64占쏙옙,75占쏙옙 占싱삼옙
254,占싻댐옙占쏙옙占식깍옙,占쌤뤄옙,1984,2,58,525,917,250,127,68,19,5,4,9,20 - 29占쏙옙,10 - 19占쏙옙,30 - 39占쏙옙
255,호占쏙옙킨占쏙옙,占쌤뤄옙,1953,,4,124,450,338,260,266,150,117,104,140,20 - 29占쏙옙,30 - 39占쏙옙,50 - 59占쏙옙
256,占쏜성울옙占싸곤옙占쌈쏙옙","占쏙옙占쌓분몌옙占쏙옙占쌌븝옙占쏙옙占쏙옙占쏙옙占쌔울옙占쏙옙占쏙옙占쏙옙占쏙옙占승아및신삼옙占쏙옙""",占쌤뤄옙,1849,1605,244,,,,,,,,,,0占쏙옙,1 - 9占쏙옙,1 - 9占쏙옙
257,占쏙옙타占쏙옙占쌩신곤옙占쏙옙퓸퓬占쏙옙탈占쏙옙占?占쌤뤄옙,1748,,51,62,96,148,253,410,190,159,157,222,50 - 59占쏙옙,40 - 49占쏙옙,75占쏙옙 占싱삼옙,,
258,占쏙옙占?占쌤뤄옙,1551,1,0,,,5,10,32,36,77,172,1218,75占쏙옙 占싱삼옙,70 - 74占쏙옙,65 - 69占쏙옙,,
259,占쏙옙占쏢리억옙,占쌤뤄옙,1321,,35,143,286,165,225,267,87,62,23,28,20 - 29占쏙옙,50 - 59占쏙옙,40 - 49占쏙옙,
260,占쏙옙천占쏙옙占쏙옙占쏙옙占쌓깍옙占쏙옙轢븝옙占싫?占쌤뤄옙,1297,1071,226,,,,,,,,,,0占쏙옙,1 - 9占쏙옙,1 - 9占쏙옙,,
261,占쏙옙占쌓댐옙占싸속깍옙占실악쇽옙占신삼옙占쏙옙,占쌤뤄옙,1248,7,236,164,47,70,107,178,103,102,89,145,1 - 9占쏙옙,50 - 59占쏙옙,10 - 19占쏙옙,
262,占쏙옙占쏙옙占쏙옙환,占쌤뤄옙,1225,,53,28,46,52,75,179,108,159,166,359,75占쏙옙 占싱삼옙,50 - 59占쏙옙,70 - 74占쏙옙,
263,占쏙옙타占쏙옙占쏙옙占쏙옙占쏙옙占신곤옙占실뱄옙占싱뤄옙占쏙옙占쏙옙占쌓뱄옙占싱뤄옙占쏙옙占쏙옙占쏙옙占쏙옙,占쌤뤄옙,769,1,25,28,94,106,79,162,76,60,50,88,50 - 59占쏙옙,30 - 39占쏙옙,20 - 29占쏙옙,
264,占쏙옙占쏙옙,占쌤뤄옙,675,,0,2,160,481,32,,,,,,30 - 39占쏙옙,20 - 29占쏙옙,40 - 49占쏙옙,
265,占쏙옙占쏙옙占쏙옙占쏙옙占쏙옙,占쌤뤄옙,645,,0,5,143,397,100,,,,,,30 - 39占쏙옙,20 - 29占쏙옙,40 - 49占쏙옙,
266,占쏙옙占싱뤄옙占쏙옙占쏙옙占쏙옙,占쌤뤄옙,609,8,147,64,56,56,59,72,35,31,24,57,1 - 9占쏙옙,50 - 59占쏙옙,10 - 19占쏙옙,
267,회占쏙옙占쏙옙척占쏙옙占쏙옙占쏙옙占쏙옙占쏙옙占쏙옙,占쌤뤄옙,547,,0,1,1,6,80,248,105,56,21,29,50 - 59占쏙옙,60 - 64占쏙옙,40 - 49占쏙옙,
268,占쌘궁놂옙占쏙옙占쏙옙占쏙옙占쏙옙占쏙옙占쏙옙占쏙옙占쏙옙,占쌤뤄옙,465,363,102,,,,,,,,,,0占쏙옙,1 - 9占쏙옙,1 - 9占쏙옙,
269,占쏙옙占쏙옙占쏙옙占쏙옙劉占신몌옙占쏙옙占쏙옙占쏙옙占쏙옙占쏙옙占쏙옙占쏙옙占쏙옙,占쌤뤄옙,442,1,15,10,22,24,36,43,38,46,51,156,75占쏙옙 占싱삼옙,70 - 74占쏙옙,65 - 69占쏙옙,
270,占쏙옙타占식삼옙풍,占쌤뤄옙,426,,3,19,66,86,84,68,31,24,20,25,30 - 39占쏙옙,40 - 49占쏙옙,50 - 59占쏙옙,
271,占시겔띰옙占쏙옙,占쌤뤄옙,287,,23,34,29,26,38,37,21,23,16,40,75占쏙옙 占싱삼옙,40 - 49占쏙옙,50 - 59占쏙옙,
272,풍占쏙옙,占쌤뤄옙,279,1,35,22,75,122,13,3,2,3,,3,30 - 39占쏙옙,20 - 29占쏙옙,1 - 9占쏙옙,
273,占쏙옙占쏙옙占쏙옙,占쌤뤄옙,277,19,63,55,28,35,35,23,7,6,2,4,1 - 9占쏙옙,10 - 19占쏙옙,30 - 39占쏙옙,
274,"占쏙옙占쏙옙占실결여,占쏙옙占쏙옙占쏙옙占쏙옙",占쌤뤄옙,271,87,159,11,4,1,,4,,1,,4,1 - 9占쏙옙,0占쏙옙,10 - 19占쏙옙,
275,占쌕발쇽옙占쏙옙체占쏙옙占쏙옙占쏙옙침占쏙옙占싹는곤옙占쏙옙,占쌤뤄옙,228,,11,17,28,24,19,27,22,17,14,49,75占쏙옙 占싱삼옙,20 - 29占쏙옙,50 - 59占쏙옙,
276,占쏙옙천占신듸옙,占쌤뤄옙,223,33,44,7,20,32,26,21,9,12,8,11,1 - 9占쏙옙,0占쏙옙,30 - 39占쏙옙,
277,홍占쏙옙,占쌤뤄옙,200,2,86,15,31,15,12,15,8,7,4,5,1 - 9占쏙옙,20 - 29占쏙옙,10 - 19占쏙옙,
278,占쏙옙티푸占쏙옙占쏙옙占식띰옙티푸占쏙옙,占쌤뤄옙,161,,13,17,40,21,23,20,10,5,4,8,20 - 29占쏙옙,40 - 49占쏙옙,30 - 39占쏙옙,
279,占쏙옙占쏙옙占쏙옙占쏙옙체占썽역占쏙옙占싱뱄옙占싱뤄옙占쏙옙占쏙옙占쏙옙占쏙옙占쏙옙,占쌤뤄옙,123,1,1,2,33,31,22,20,6,4,1,2,20 - 29占쏙옙,30 - 39占쏙옙,40 - 49占쏙옙,
280,占쌥뤄옙占쏙옙,占쌤뤄옙,109,2,17,10,12,15,12,6,7,3,6,19,75占쏙옙 占싱삼옙,1 - 9占쏙옙,30 - 39占쏙옙,
281,占쏙옙沽占?占쌤뤄옙,104,3,32,1,10,19,10,7,3,7,5,7,1 - 9占쏙옙,30 - 39占쏙옙,20 - 29占쏙옙,,
282,占쏙옙占쏙옙占쏙옙占쌌곤옙占쏙옙,占쌤뤄옙,98,3,10,6,14,29,16,11,1,1,1,6,30 - 39占쏙옙,40 - 49占쏙옙,20 - 29占쏙옙,
283,占승아및신삼옙占쏙옙占실울옙占쏙옙占쏙옙占쏙옙환,占쌤뤄옙,96,85,11,,,,,,,,,,0占쏙옙,1 - 9占쏙옙,1 - 9占쏙옙,
284,占쏙옙占쏙옙[占싼쇽옙占쏙옙],占쌤뤄옙,94,,0,,4,2,2,13,10,15,13,35,75占쏙옙 占싱삼옙,65 - 69占쏙옙,50 - 59占쏙옙,
285,占쌨쇽옙회占쏙옙占쏙옙占?占쌤뤄옙,66,,1,1,1,2,9,28,10,10,,4,50 - 59占쏙옙,60 - 64占쏙옙,60 - 64占쏙옙,,
286,占쏙옙占쏙옙占쏙옙占쏙옙占쏙옙,占쌤뤄옙,56,,3,,3,3,7,9,6,8,6,11,75占쏙옙 占싱삼옙,50 - 59占쏙옙,65 - 69占쏙옙,
287,트占쏙옙占쌘몌옙,占쌤뤄옙,47,,1,2,7,9,8,13,1,2,,4,50 - 59占쏙옙,30 - 39占쏙옙,40 - 49占쏙옙,
288,트占쏙옙占식놂옙恬占쏙옙占?占쌤뤄옙,27,,1,1,5,4,1,6,1,3,1,4,50 - 59占쏙옙,20 - 29占쏙옙,30 - 39占쏙옙,,
289,회占쏙옙占쏙옙占쏙옙占쏙옙占?占쌤뤄옙,16,,0,,3,2,6,5,,,,,40 - 49占쏙옙,50 - 59占쏙옙,20 - 29占쏙옙,,
290,占쏙옙占쏙옙占쏙옙占쏙옙,占쌤뤄옙,15,,1,,1,4,4,4,1,,,,30 - 39占쏙옙,30 - 39占쏙옙,30 - 39占쏙옙,
291,占쏙옙占쌩븝옙,占쌤뤄옙,13,,3,,3,1,3,,1,,1,1,1 - 9占쏙옙,1 - 9占쏙옙,1 - 9占쏙옙,
292,占쌨듸옙占쏙옙占쏙옙,占쌤뤄옙,12,,1,,2,5,3,1,,,,,30 - 39占쏙옙,40 - 49占쏙옙,20 - 29占쏙옙,
293,占썰스트,占쌤뤄옙,11,1,2,2,1,,1,2,1,,1,,1 - 9占쏙옙,1 - 9占쏙옙,1 - 9占쏙옙,
294,占쏙옙煐울옙占쏙옙占?占쌤뤄옙,10,,0,,1,2,1,3,1,1,,1,50 - 59占쏙옙,30 - 39占쏙옙,20 - 29占쏙옙,,
295,占쏙옙占쏙옙占쏙옙占쏙옙占쏙옙占쏙옙,占쌤뤄옙,6,,0,,,,,,1,,2,3,75占쏙옙 占싱삼옙,70 - 74占쏙옙,60 - 64占쏙옙,
296,황占쏙옙,占쌤뤄옙,4,1,0,,,2,,,1,,,,30 - 39占쏙옙,0占쏙옙,0占쏙옙,
297,占쏙옙占쏙옙占쏙옙占싹억옙占쏙옙,占쌤뤄옙,3,,0,,,,1,,,1,1,,40 - 49占쏙옙,40 - 49占쏙옙,40 - 49占쏙옙,
298,占쏙옙占쏙옙占쏙옙占?占쌤뤄옙,2,,0,,1,,,,,,,1,20 - 29占쏙옙,20 - 29占쏙옙,1 - 9占쏙옙,,
